10015	IGNORE	Re-examine Cache-control Directives
10027	IGNORE	Information Disclosure - Suspicious Comments
10049	IGNORE	Storable and Cacheable Content
10050	IGNORE	Retrieved from Cache
10096	IGNORE	Timestamp Disclosure - Unix
10109	IGNORE	Modern Web Application
10112	IGNORE	Session Management Response Identified
90005	IGNORE	Sec-Fetch-* Headers Not Present (API, not applicable)
10023	OUTOFSCOPE	.*/api-docs/openapi\.json
100000	OUTOFSCOPE	.*/(auth|admin)/keycloak.*
100001	OUTOFSCOPE	.*/swagger-ui/.*
40012	IGNORE	Cross Site Scripting (Reflected): JSON / text API served with nosniff, escaping is the fronts job (MAIR-426)
40014	IGNORE	Cross Site Scripting (Persistent): same reason (MAIR-426)
40016	IGNORE	Cross Site Scripting (Persistent) - Prime: same reason (MAIR-426)
40017	IGNORE	Cross Site Scripting (Persistent) - Spider: same reason (MAIR-426)
